{
  "configVersion": 1,
  "timestamp": 1726690580187,
  "index": "/index.html",
  "assetGroups": [
    {
      "name": "app",
      "installMode": "prefetch",
      "updateMode": "prefetch",
      "cacheQueryOptions": {
        "ignoreVary": true
      },
      "urls": [
        "/favicon.ico",
        "/index.html",
        "/main.9106d2f1d0fdd69c.js",
        "/manifest.webmanifest",
        "/polyfills.fa03c3728b3c5716.js",
        "/runtime.f5a14d8efebe0c1e.js",
        "/scripts.024f6df6a826190c.js",
        "/styles.cacf1e46f8c77774.css"
      ],
      "patterns": []
    },
    {
      "name": "assets",
      "installMode": "lazy",
      "updateMode": "prefetch",
      "cacheQueryOptions": {
        "ignoreVary": true
      },
      "urls": [
        "/assets/icons/icon-128x128.png",
        "/assets/icons/icon-144x144.png",
        "/assets/icons/icon-152x152.png",
        "/assets/icons/icon-192x192.png",
        "/assets/icons/icon-384x384.png",
        "/assets/icons/icon-512x512.png",
        "/assets/icons/icon-72x72.png",
        "/assets/icons/icon-96x96.png",
        "/assets/logo.jpg",
        "/assets/logo2.png",
        "/assets/logo_jomat.png",
        "/bootstrap-icons.70a9dee9e5ab72aa.woff",
        "/bootstrap-icons.bfa90bda92a84a6a.woff2"
      ],
      "patterns": []
    }
  ],
  "dataGroups": [],
  "hashTable": {
    "/assets/icons/icon-128x128.png": "cd0b47ae39e449cf4942d7f9ce1d5ca4a1af6f35",
    "/assets/icons/icon-144x144.png": "1b2fa34e2603c9f6e8b9015bf6b6efb9c3abec1f",
    "/assets/icons/icon-152x152.png": "7ff1f17978ba33ff16b4fbcb65cdd8f0f844f07f",
    "/assets/icons/icon-192x192.png": "967fdba9fa34d63956e3ff7b6c4fc1fca97c43ad",
    "/assets/icons/icon-384x384.png": "19b11d290a3da28e823d0a0abb1f80b13aa42eb9",
    "/assets/icons/icon-512x512.png": "04568e229cc1429eb1eea3bf50a5306270dd2fb7",
    "/assets/icons/icon-72x72.png": "a37960d41c0079331d20427c1056b30de5578368",
    "/assets/icons/icon-96x96.png": "a6b1753fd309bba44b37e352693befee0656cc34",
    "/assets/logo.jpg": "c1e489774d5bcc04c212744aefead7bd715beaf7",
    "/assets/logo2.png": "26f2670cfd962d19b728e116d40b7c6ea4846a83",
    "/assets/logo_jomat.png": "512c018b8459447bd3f516dc54027eed9d1b8797",
    "/bootstrap-icons.70a9dee9e5ab72aa.woff": "d5831fd39baf13aff7626e483b9a089730f18604",
    "/bootstrap-icons.bfa90bda92a84a6a.woff2": "020c3c6f9280a315e8425d7f92e15bcd0cdda1b2",
    "/favicon.ico": "22f6a4a3bcaafafb0254e0f2fa4ceb89e505e8b2",
    "/index.html": "fd00d9ee412383ab645b8da108062710b105de03",
    "/main.9106d2f1d0fdd69c.js": "129a74c46e5793d274bb59740e3dd831a3487f17",
    "/manifest.webmanifest": "6f6a3ad2373931da03929be28176259f92fbe2e9",
    "/polyfills.fa03c3728b3c5716.js": "459c8c17d925ecfac12836b924457108dab0650d",
    "/runtime.f5a14d8efebe0c1e.js": "9595bf7d8ad015b5f5bf8af739393342c2c19fec",
    "/scripts.024f6df6a826190c.js": "bd9e34ca26fd2df83a840912464e86e3b19cecae",
    "/styles.cacf1e46f8c77774.css": "069e982605ab6baa64c1cce1de4f376b96e030b4"
  },
  "navigationUrls": [
    {
      "positive": true,
      "regex": "^\\/.*$"
    },
    {
      "positive": false,
      "regex": "^\\/(?:.+\\/)?[^/]*\\.[^/]*$"
    },
    {
      "positive": false,
      "regex": "^\\/(?:.+\\/)?[^/]*__[^/]*$"
    },
    {
      "positive": false,
      "regex": "^\\/(?:.+\\/)?[^/]*__[^/]*\\/.*$"
    }
  ],
  "navigationRequestStrategy": "performance"
}